#{"t_start": 1655161813.4614625, "env_id": null}
r,l,t
-3749.225876,481,3.228918
-3247.927003,481,4.335932
-4839.268009,481,6.939696
-4273.101856,481,8.005702
-4102.131073,481,13.512697
-3406.609734,481,14.707019
-3458.681754,481,17.403801
-5158.952199,481,18.450919
-3734.559724,481,23.915256
-2859.914716,481,24.936222
-4147.449912,481,27.591468
-3546.432749,481,28.699797
-2992.607778,481,34.157773
-3400.994842,481,35.154823
-3314.02797,481,37.848918
-3715.836785,481,38.915932
-3824.378702,481,41.64139
-3944.300805,481,45.4117
-3920.902407,481,48.054677
-4322.65759,481,49.181292
-4940.200949,481,51.867119
-4300.2213,481,55.663635
-5019.18054,481,58.4412
-3739.611753,481,59.574204
-3628.633469,481,62.15773
-4024.48707,481,66.17074
-3753.468876,481,67.343739
-3869.037927,481,70.037733
-4008.126725,481,71.155605
-4318.019196,481,76.601053
-4242.0462,481,77.631054
-4870.341233,481,80.272056
-3162.79055,481,81.325051
-3636.842093,481,83.918059
-3754.656682,481,87.900123
-3907.153062,481,90.666182
-5355.743847,481,91.957142
-3993.181037,481,94.529841
-4034.876667,481,98.453887
-3610.478024,481,101.285786
-3269.962485,481,102.418783
-4365.812821,481,104.995826
-3513.245068,481,108.825896
-3143.788292,481,111.440896
-3588.205003,481,112.485903
-4315.04656,481,115.071856
-2695.46179,481,118.916897
-4410.37577,481,121.507058
-4000.925565,481,122.643059
-3462.975077,481,125.21212
-3919.182888,481,126.254115
-3252.484466,481,131.597259
-3804.092968,481,132.735892
-4010.332213,481,133.783932
-3760.173565,481,136.314541
-3090.835698,481,140.114816
-3761.941676,481,142.673968
-4592.730426,481,143.873969
-4617.634173,481,146.6178
-4422.550749,481,150.6815
-3658.566607,481,153.473484
-3756.016674,481,154.688875
-2774.032366,481,157.424225
-2838.781766,481,161.324335
-3014.880303,481,163.981908
-3918.997305,481,165.165909
-3625.703504,481,167.818967
-3435.472302,481,168.888107
-4019.928841,481,174.29491
-4499.418105,481,175.420522
-4176.168235,481,178.171847
-3460.82732,481,179.231479
-4166.409055,481,184.6219
-3195.911741,481,185.643945
-3242.180535,481,188.360916
-3501.495904,481,189.512919
-4688.060194,481,194.94082
-3227.1689,481,196.022885
-4504.960703,481,197.097879
-3951.62223,481,199.72897
-3159.356023,481,203.777997
-4022.082277,481,206.370011
-2764.22612,481,207.490006
-4951.28842,481,210.075075
-3675.10688,481,211.254057
-4031.748702,481,216.834358
-4671.965258,481,218.16431
-3536.714141,481,220.93331
-3444.63941,481,222.010355
-3912.399722,481,227.440469
-3851.621867,481,228.538512
-4645.224513,481,231.140538
-4515.731721,481,232.212589
-3821.350593,481,237.81362
-3190.148881,481,238.886618
-3740.85905,481,241.569578
-3871.074306,481,242.62713
-3852.979454,481,248.11013
-3768.792056,481,249.177089
-5083.934933,481,251.814141
-3225.168311,481,252.859183
-3546.068668,481,255.493192
-4262.948667,481,259.34924
-3648.719652,481,261.959197
-4682.570512,481,263.01824
-3748.212707,481,264.084266
-4265.902587,481,269.527393
-3893.672341,481,270.712399
-3280.355208,481,273.380799
-3927.923825,481,274.469757
-3530.290769,481,279.933348
-3975.752005,481,280.977966
-4907.901687,481,283.584018
-3697.797075,481,284.637063
-4558.881821,481,290.060909
-4252.020215,481,291.348284
-3670.591615,481,293.978507
-4377.975879,481,295.034553
-4592.670985,481,297.633629
-3753.793912,481,301.511413
-3849.709723,481,304.017406
-4176.084245,481,305.144416
-5116.333679,481,307.771272
-3874.751708,481,311.734315
-3196.278748,481,314.288365
-3821.29864,481,315.320367
-4224.703,481,317.938434
-4199.497176,481,321.925074
-4226.604571,481,324.600183
-3589.084605,481,325.685266
-3541.820421,481,328.507225
-3467.70874,481,332.413287
-4218.383728,481,333.496277
-4093.089996,481,335.940453
-4265.43319,481,336.991498
-3909.327869,481,339.60908
-4639.102597,481,343.478572
-3882.533417,481,346.078537
-3921.448896,481,347.124835
-4658.293449,481,349.734407
-3648.536308,481,353.709458
-3505.734089,481,356.278466
-3802.104189,481,357.386115
-3950.805282,481,359.959146
-4377.13458,481,363.885619
-4592.386185,481,366.553667
-3567.190817,481,367.586663
-3662.547949,481,370.226473
-4411.515338,481,371.276475
-4571.913472,481,376.637196
-4138.326375,481,377.737211
-3749.06345,481,380.597212
-4709.804973,481,381.662212
-4389.212026,481,387.478729
-4136.339424,481,388.576772
-4762.968814,481,391.209732
-4089.81203,481,392.28276
-3387.942177,481,396.164761
-4200.758331,481,398.744802
-3828.456,481,399.771758
-3892.396065,481,402.342876
-3145.349232,481,406.20251
-3029.866954,481,408.772576
-3868.615498,481,409.840097
-4153.680672,481,412.375299
-3774.642282,481,413.71731
-4654.266824,481,419.13084
-4530.302018,481,420.168411
-3535.07062,481,422.673409
-3568.083455,481,423.810541
-4423.365496,481,429.227313
-4398.313504,481,430.291041
-4239.844974,481,432.827298
-2807.870398,481,433.963293
-3899.953207,481,439.289258
-3416.347884,481,440.374302
-4037.607712,481,442.902351
-3801.698663,481,443.966353
-3547.4489,481,449.498486
-3485.813216,481,450.622439
-3448.568197,481,453.158429
-4472.688207,481,454.211487
-4599.753034,481,456.848547
-4106.117969,481,460.858532
-3972.564932,481,461.975576
-4635.592261,481,464.528742
-4370.12474,481,465.608859
-3304.497743,481,471.236372
-4996.84264,481,472.379375
-3963.512448,481,474.913371
-3640.271117,481,475.928376
-4475.130714,481,481.423426
-3074.19646,481,482.545438
-4091.935552,481,485.295576
-4043.36727,481,486.366741
-3569.57921,481,491.853292
-3729.14162,481,492.888294
-4014.158166,481,495.753373
-4287.742745,481,497.11546
-4080.638894,481,499.658578
-4316.889128,481,503.648961
-3597.811334,481,506.105681
-3839.376314,481,507.130702
-3689.439107,481,509.866618
-3953.649321,481,513.681659
-3029.389215,481,516.318668
-3884.673249,481,517.359702
-4159.040752,481,519.94571
-2910.518586,481,524.367671
-5040.146041,481,527.385401
-3154.205498,481,528.503409
-2977.157154,481,529.558514
-4837.118213,481,535.033514
-3923.758596,481,536.28747
-3423.159728,481,539.201512
-3492.069852,481,540.391519
-3673.180658,481,543.840563
-3717.050998,481,548.060089
-4165.790165,481,550.628136
-4438.744774,481,551.790087
-3653.758772,481,554.584533
-4329.513852,481,558.559482
-4202.335483,481,561.062259
-3820.170544,481,562.147257
-4615.812682,481,564.783179
-3756.899657,481,568.757179
-3874.000814,481,571.355181
-3890.593128,481,572.421179
-3683.149112,481,574.980756
-4004.382466,481,578.993726
-3903.432568,481,581.604812
-3711.153727,481,582.688813
-4304.807514,481,585.341814
-3906.652363,481,586.431841
-3758.631621,481,592.06699
-3053.477803,481,593.143007
-3486.247518,481,594.187047
-4056.779062,481,596.803591
-2844.251074,481,600.664181
-3338.763639,481,603.411699
-3336.461292,481,604.628685
-3547.090867,481,607.263633
-4294.610111,481,611.068635
-3537.114523,481,613.884716
-3147.168037,481,614.89067
-2827.163422,481,617.633675
-4010.227729,481,621.429669
-3155.061643,481,624.080827
-3514.623137,481,625.134949
-3315.378709,481,627.810756
-3855.304006,481,628.826452
-2810.908187,481,634.149498
-3362.906097,481,635.283539
-3911.993906,481,637.82054
-4082.539777,481,638.895529
-3006.537239,481,644.510541
-3061.123295,481,645.56562
-3892.424936,481,648.246588
-3237.632266,481,649.332592
-2928.870269,481,654.821657
-4359.459759,481,655.916658
-4202.422335,481,658.61567
-3309.933548,481,659.758714
-3014.074116,481,663.496961
-3407.427148,481,666.194016
-4158.310672,481,667.230021
-2946.70009,481,669.74897
-3521.462529,481,670.973979
-4866.859222,481,676.440572
-4108.217772,481,677.485615
-4305.503265,481,680.002614
-3285.792516,481,681.058573
-4220.079575,481,686.55511
-3730.009986,481,687.612683
-4244.68627,481,690.160285
-3810.403845,481,691.190372
-3724.443225,481,696.498376
-3907.440126,481,697.55937
-3461.83698,481,700.128894
-3008.431072,481,701.141939
-3881.49515,481,703.774053
-2839.180298,481,707.579123
-3673.778683,481,710.07713
-4304.203088,481,711.138084
-3385.597449,481,713.864082
-3708.225675,481,717.817681
-2973.67983,481,720.694683
-3011.911441,481,721.757738
-3603.267121,481,724.468847
-3586.881675,481,728.341006
-3432.004658,481,729.461959
-2877.299956,481,732.117978
-3967.592755,481,733.247022
-3031.275652,481,739.30508
-2909.626391,481,740.464478
-3444.214506,481,742.92969
-3469.679712,481,744.009648
-3937.95157,481,746.683706
-3583.826522,481,750.548707
-2929.140549,481,753.241747
-2974.325785,481,754.380743
-3068.244645,481,757.026228
-2911.241228,481,760.908513
-2944.558534,481,763.548865
-2928.905337,481,764.585872
-2874.745285,481,767.248944
-2957.286785,481,771.061949
-2983.635432,481,773.620165
-3018.237545,481,774.662208
-3970.852001,481,777.201221
-3827.157037,481,781.001218
-3004.42877,481,783.54882
-2909.146382,481,784.609822
-3201.127109,481,787.339866
-3076.039466,481,788.391384
-2846.875812,481,792.326889
-3027.114411,481,795.056935
-3784.266632,481,796.160967
-3052.825313,481,798.707171
-2887.854245,481,802.531203
-2940.030188,481,805.080662
-3453.037149,481,806.356771
-3263.387856,481,808.992725
-4138.811997,481,813.070742
-2927.667587,481,815.623158
-3750.264858,481,816.672161
-3815.085738,481,819.237277
-3070.025558,481,823.126912
-3096.089884,481,825.682993
-2931.067564,481,826.803988
-2998.180106,481,829.574825
-3020.602004,481,830.612927
-3869.640707,481,836.099928
-3938.8988,481,837.185972
-3599.285516,481,839.804971
-2966.382829,481,840.840974
-3060.656526,481,846.380133
-3843.231642,481,847.479645
-3124.042463,481,850.19801
-3104.851443,481,851.258015
-3059.058355,481,856.477872
-4064.4527,481,857.524918
-3308.578367,481,858.527923
-3032.403471,481,861.073917
-3171.791955,481,864.932938
-2897.187989,481,867.498571
-3142.380654,481,868.599459
-3195.023949,481,871.182632
-3047.044326,481,872.213631
-3153.701189,481,877.689683
-3109.222152,481,878.70274
-3505.83342,481,881.236744
-3093.516222,481,882.322694
-3122.51525,481,887.666745
-2960.672579,481,888.712738
-2949.081204,481,891.186295
-2917.470047,481,892.281281
-3049.020172,481,897.645188
-2901.351847,481,898.711237
-3148.687192,481,901.238234
-3077.649432,481,902.307207
-3058.039883,481,907.455207
-2931.639119,481,908.516249
-3377.007739,481,911.058377
-3601.055812,481,912.129451
-3428.044459,481,914.821037
-2995.97216,481,918.642994
-2837.244083,481,921.113151
-3065.76678,481,922.07917
-3887.123715,481,923.04517
-3034.098803,481,928.081942
-3751.896036,481,929.077062
-2886.398213,481,931.492991
-3136.271148,481,932.541079
-3004.939353,481,937.766949
-3130.198416,481,938.811154
-4005.797615,481,941.373492
-3023.352659,481,942.422472
-3364.764199,481,947.72353
-2905.519966,481,948.769203
-3893.894654,481,951.439219
-3071.991848,481,952.473423
-2948.753525,481,955.047807
-4131.944575,481,958.982973
-3020.017228,481,961.952198
-2816.988077,481,962.977293
-3110.897674,481,965.432772
-2892.130658,481,969.183524
-4532.582192,481,971.644179
-2981.816444,481,972.785228
-2999.684277,481,975.301345
-3012.818412,481,979.138137
-3003.199931,481,981.618435
-3673.079827,481,982.704924
-2939.335822,481,983.77105
-2990.86623,481,989.18447
-2967.801928,481,990.235027
-3004.394245,481,992.700476
-3127.791262,481,993.80279
-3094.298675,481,996.298157
-3379.015647,481,1000.182573
-3081.434049,481,1002.680271
-2936.498567,481,1003.708092
-3057.201238,481,1006.197465
-3043.565185,481,1010.032335
-2917.656986,481,1013.287511
-2947.850613,481,1014.339725
-3171.73768,481,1016.936932
-2975.611367,481,1020.823436
-2806.775575,481,1023.292435
-3871.765621,481,1024.347435
-2872.173615,481,1026.969434
-3046.901784,481,1028.009477
-2958.465699,481,1033.374102
-3508.050384,481,1034.423396
-3318.092229,481,1037.012504
-2903.164854,481,1038.055496
-3033.298274,481,1043.346709
-2993.359122,481,1044.544715
-2987.561618,481,1047.166715
-3109.638754,481,1048.327757
-3088.132979,481,1052.118756
-3434.964884,481,1054.765758
-3934.374548,481,1055.804755
-4306.682888,481,1058.457755
-4500.903434,481,1062.289792
-3826.17425,481,1064.952759
-2943.409145,481,1065.993849
-3034.387328,481,1068.536804
-3186.573793,481,1069.644803
-3268.30929,481,1074.960223
-3028.767593,481,1075.995272
-2976.127215,481,1078.553607
-3411.258039,481,1079.673647
-3490.263739,481,1084.968179
-3454.364963,481,1086.011906
-2996.223053,481,1088.594121
-3045.12098,481,1089.656425
-2934.63488,481,1094.964328
-2941.327142,481,1096.004219
-2911.35329,481,1098.709368
-2780.080423,481,1099.828561
-3051.042904,481,1105.181813
-3011.248854,481,1106.191821
-2902.19514,481,1108.875984
-2959.704688,481,1109.941017
-4051.426676,481,1112.394346
-3000.084493,481,1116.221681
-3758.494623,481,1117.222423
-2998.522253,481,1119.79176
-3032.924871,481,1120.795807
-3057.543252,481,1126.11431
-2879.150904,481,1127.134423
-3356.134928,481,1129.658637
-3115.720695,481,1130.67941
-3004.519123,481,1136.277842
-2907.771927,481,1137.352872
-2986.011039,481,1139.907946
-2961.929954,481,1141.012988
