#{"t_start": 1645615652.1268346, "env_id": null}
r,l,t
-34289.176416,1202,58.866236
-17053.014486,1202,74.844379
-20138.015317,1202,91.980384
-17967.534892,1202,108.990536
-14926.323775,1202,130.539457
-28239.522605,1202,148.03844
-22962.442465,1202,165.357279
-43808.841364,1202,182.642672
-13913.74015,1202,204.534008
-29146.636413,1202,222.200034
-26523.139561,1202,240.093996
-26409.407056,1202,257.787127
-28166.808368,1202,280.661924
-28827.927184,1202,299.093468
-18913.566174,1202,316.907481
-80414.786938,1202,334.716458
-21653.750077,1202,356.624524
-62813.663247,1202,374.251562
-18210.19429,1202,391.683407
-38931.42749,1202,409.472363
-16759.160465,1202,431.692535
-26358.460647,1202,449.392231
-21901.561301,1202,466.840482
-20666.348407,1202,484.213729
-22194.444294,1202,506.08982
-8147.436762,1202,523.799051
-44307.354538,1202,541.482814
-20248.000795,1202,559.161759
-27842.791095,1202,576.883331
-24448.839851,1202,598.887405
-23149.993659,1202,616.536815
-64599.610971,1202,634.338767
-23119.83313,1202,652.088546
-30122.526229,1202,674.777662
-80759.159815,1202,692.806484
-23474.152833,1202,710.777843
-26134.577505,1202,728.566411
-13723.960385,1202,751.889349
-27734.646346,1202,770.137444
-23070.819245,1202,788.230541
-36218.942824,1202,806.234536
-15992.520769,1202,828.741124
-14229.238265,1202,846.71351
-14816.323721,1202,864.714012
-10730.874208,1202,883.860976
-43249.442349,1202,906.733505
-23771.44347,1202,925.069715
-21006.440045,1202,944.06547
-21438.797764,1202,962.537911
-18645.664126,1202,985.889026
-26298.363477,1202,1005.313382
-23407.135289,1202,1026.069624
-43219.547271,1202,1046.475595
-13048.604063,1202,1065.789584
-78764.068159,1202,1089.741501
-23471.9199,1202,1108.677377
-16296.864101,1202,1127.572252
-18644.736649,1202,1147.784677
-160156.451805,1202,1171.689076
-51143.842862,1202,1191.1101
-18440.989706,1202,1210.64918
-18478.649319,1202,1230.266832
-25257.951682,1202,1254.812671
-27136.777961,1202,1275.837031
-41468.105764,1202,1296.980451
-30035.675077,1202,1318.078594
-23445.610773,1202,1343.550909
-30028.101225,1202,1364.211062
-41130.3383,1202,1385.178093
-41805.836486,1202,1405.657683
-102816.247108,1202,1431.216069
-28125.212256,1202,1452.500439
-17479.727307,1202,1473.412445
-33854.143252,1202,1494.53032
-106575.296105,1202,1520.782053
-42743.143814,1202,1541.234264
-40762.949625,1202,1561.735859
-29834.263165,1202,1582.01279
-26515.684737,1202,1603.555686
-30252.93014,1202,1630.536842
-20857.164571,1202,1651.729856
-83779.386213,1202,1673.410508
-83062.058059,1202,1695.043514
-27106.226568,1202,1720.9665
-34608.388978,1202,2005.041909
-19672.456409,1202,2026.003371
-42795.899123,1202,2047.492978
-30174.600287,1202,2068.766884
-7724.258058,1202,2091.069896
-22613.681715,1202,2112.841968
-33198.712102,1202,2134.439354
-30299.315602,1202,2156.285903
-24998.496336,1202,2178.287915
-32170.972278,1202,2199.812315
-31556.276219,1202,2221.714499
-22792.479956,1202,2244.038721
-145779.516217,1202,2265.370542
-27283.109079,1202,2285.758109
-16480.068558,1202,2305.904475
-6721.874758,1202,2326.917182
-12369.475208,1202,2347.796372
-16002.04978,1202,2368.855278
-15579.372084,1202,2389.779125
-20554.424024,1202,2410.285841
-29206.374332,1202,2430.740193
-24996.548402,1202,2451.082971
-6008.454494,1202,2471.247025
-112991.605062,1202,2491.693679
-27905.389923,1202,2512.024053
-24922.8105,1202,2532.530109
-15625.388765,1202,2552.813068
-19032.410984,1202,2573.100365
-19298.247404,1202,2593.539263
-16952.485866,1202,2613.770522
-10506.755457,1202,2634.075418
-23297.606731,1202,2654.559127
-16475.633027,1202,2674.7407
-15843.880098,1202,2695.210327
-46869.207194,1202,2715.521222
-29107.266162,1202,2735.945061
-23292.751131,1202,2756.242441
-13326.451216,1202,2777.032334
-28803.001533,1202,2797.498777
-7118.048216,1202,2819.660403
-14264.149371,1202,2840.807424
-11281.884382,1202,2862.913321
-7570.910334,1202,2883.257239
-36857.362042,1202,2903.864695
-19406.687998,1202,2924.27356
-33107.392553,1202,2944.590682
-12729.468318,1202,2964.922205
-20075.220864,1202,2988.217372
-27233.712435,1202,3009.322421
-28119.61178,1202,3031.285825
-8980.965114,1202,3052.65842
-8075.112813,1202,3074.765536
-12366.622836,1202,3100.92601
-20219.843558,1202,3123.774467
-34701.937304,1202,3145.388092
-31489.021617,1202,3165.853461
-30223.880464,1202,3186.494423
-31368.769951,1202,3207.143999
-37582.847581,1202,3227.196747
-28181.935056,1202,3247.501581
-31038.05366,1202,3267.749193
-5585.957955,1202,3288.159214
-20846.370744,1202,3308.330304
-32144.120247,1202,3328.543458
-23314.546725,1202,3348.839959
-19175.491728,1202,3369.405422
-18513.259852,1202,3390.277025
-55326.511055,1202,3411.124736
-25720.612622,1202,3431.577464
-13160.825886,1202,3451.984694
-15538.374922,1202,3472.683892
-26213.878477,1202,3493.463363
-98098.489544,1202,3514.408163
-19672.290701,1202,3535.277083
-13832.83427,1202,3555.49482
-12443.768724,1202,3575.934781
-17788.185952,1202,3596.533473
-28252.189996,1202,3617.134369
-14632.848342,1202,3637.750565
-46763.079986,1202,3658.425462
-13630.720864,1202,3678.907995
-11715.826877,1202,3699.857937
-29256.320545,1202,3720.463105
-27228.359662,1202,3741.738232
-51172.081673,1202,3895.555201
-11320.331246,1202,3914.992257
-29316.710838,1202,3935.045647
-22318.027808,1202,3955.162163
-9748.462093,1202,3975.559385
-23814.343496,1202,3995.863339
-7627.479301,1202,4017.016255
-5414.750093,1202,4037.79281
-8977.718888,1202,4057.710402
-97337.980392,1202,4078.321832
-7422.835598,1202,4098.322481
-18336.352643,1202,4118.219471
-23274.868957,1202,4138.122047
-17316.852093,1202,4158.109978
-22822.23065,1202,4178.105519
-14720.580354,1202,4198.123362
-15485.822717,1202,4218.204141
-21183.152036,1202,4238.082604
-19805.741781,1202,4258.248611
-24633.228898,1202,4278.214828
-13553.678323,1202,4298.130717
-3387.609597,1202,4318.171011
-7566.259244,1202,4338.054284
-12007.065715,1202,4357.9938
-13661.899477,1202,4377.973174
-21963.624543,1202,4398.00929
-14175.182831,1202,4417.87825
-19081.840185,1202,4437.79486
-33664.186334,1202,4457.832286
-34828.829947,1202,4477.913658
-32857.163375,1202,4497.958812
-62912.310326,1202,4517.940235
-6967.026618,1202,4537.897529
-16744.281114,1202,4557.874009
-40313.27123,1202,4577.830799
-10676.050248,1202,4597.678988
-56351.813307,1202,4617.62268
-16272.118479,1202,4637.604227
-29130.968982,1202,4657.574418
-16898.316022,1202,4677.382936
-24806.374771,1202,4697.352459
-30467.174371,1202,4717.442745
-28291.788171,1202,4737.756274
-19091.043979,1202,4757.718628
-4527.343978,1202,4777.824242
-10004.426879,1202,4797.71239
-19743.281002,1202,4817.705544
-33360.920191,1202,4837.729235
-14895.202629,1202,4857.762041
-19248.266625,1202,4877.80606
-20739.521586,1202,4897.853393
-1820.592514,1202,4917.850638
-9387.888191,1202,4937.8945
-5812.762379,1202,4957.875196
-11726.50551,1202,4977.880092
-45067.723329,1202,4998.288841
-42372.932741,1202,5018.330444
-20206.132687,1202,5038.312693
-13561.124392,1202,5058.35748
-18754.403163,1202,5078.439688
-31512.062096,1202,5098.468077
-26946.855939,1202,5118.558444
-8231.778084,1202,5138.621586
-35277.31465,1202,5158.643185
-19101.970742,1202,5178.647119
-24133.839931,1202,5198.72414
-24096.66005,1202,5218.744038
-14311.879174,1202,5238.662572
-27612.505348,1202,5258.831997
-69321.731513,1202,5278.865759
-34191.867208,1202,5299.488346
-64097.036858,1202,5320.211332
-5618.241287,1202,5340.920862
-5127.547041,1202,5361.598546
-10628.132641,1202,5382.343424
-28895.392246,1202,5403.00004
-20390.270334,1202,5423.726475
-25752.275008,1202,5444.391308
-30908.458434,1202,5465.16857
-16754.069709,1202,5485.911833
-33395.170047,1202,5506.685606
-34294.135274,1202,5527.367815
-23752.06121,1202,5548.240347
-9556.820391,1202,5568.96454
-42121.942471,1202,5668.37365
-28089.285496,1202,5688.526238
-14793.999553,1202,5709.440646
-3641.117859,1202,5730.350756
-19550.525037,1202,5751.395576
-17989.897991,1202,5772.361368
-7130.41658,1202,5793.328151
-35906.641174,1202,5814.274032
-18737.198415,1202,5835.55396
-19510.368517,1202,5855.873016
-13288.268455,1202,5876.081287
-54130.546507,1202,5896.286162
-15247.883744,1202,5916.885488
-26580.268145,1202,5937.088928
-20708.61676,1202,5957.289519
-55441.668256,1202,5977.509245
-31860.414595,1202,5997.740583
-13095.186119,1202,6017.978007
-29800.326108,1202,6038.292534
-25915.967323,1202,6058.492014
-19991.558504,1202,6078.945841
-20025.623255,1202,6100.255944
-22202.841922,1202,6120.623824
-39824.50002,1202,6141.139168
-25557.902558,1202,6161.520616
-34102.360475,1202,6181.7989
-34193.322182,1202,6201.978252
-20248.045724,1202,6222.16889
-11290.231617,1202,6242.392416
-25433.177362,1202,6262.840653
-32613.969341,1202,6283.242127
-86752.758758,1202,6303.464836
-115289.526848,1202,6323.819315
-17482.68329,1202,6344.035196
-17985.408778,1202,6364.257426
-11804.936372,1202,6384.642286
-14301.840075,1202,6404.962079
-17703.812108,1202,6425.166051
-13826.691794,1202,6445.379558
-19617.35396,1202,6465.57996
-31532.307477,1202,6485.832654
-32300.4045,1202,6506.174837
-47400.933507,1202,6526.513236
-25415.373777,1202,6546.800329
-14771.45263,1202,6567.125631
-24760.70795,1202,6587.519342
-16310.141703,1202,6607.74557
-30793.097698,1202,6628.025599
-16313.819406,1202,6648.29896
-56977.31694,1202,6668.962578
-17537.64687,1202,6689.204813
-15318.661628,1202,6709.558598
-54938.03444,1202,6729.94202
-32678.34641,1202,6750.201701
-25823.119055,1202,6770.534927
-10617.89102,1202,6790.709369
-21394.407548,1202,6811.057275
-10571.881883,1202,6831.289173
-14637.043496,1202,6851.686622
-24167.940003,1202,6872.18316
-25665.668902,1202,6892.603261
-74276.850715,1202,6912.936526
-30327.43246,1202,6933.120811
-28072.852112,1202,6953.365784
-32962.883393,1202,6973.598075
-37438.647698,1202,6993.884319
-30108.44624,1202,7014.313742
-36096.850827,1202,7035.380768
-45748.277846,1202,7060.07738
-132941.606943,1202,7082.326454
-15648.183184,1202,7103.624186
-33353.729719,1202,7125.269564
-30809.86166,1202,7146.492282
-27318.645025,1202,7167.648325
-11509.72469,1202,7188.832184
-21954.979095,1202,7209.821449
-33495.555588,1202,7230.787206
-90552.800353,1202,7251.774035
-12986.068075,1202,7272.724659
-12576.067215,1202,7293.656834
-21822.422059,1202,7314.598072
-28163.406873,1202,7335.769531
-47211.634076,1202,7357.095028
-14935.894223,1202,7378.115459
