#{"t_start": 1654035599.712833, "env_id": null}
r,l,t
-805.060387,481,3.026287
-545.837147,481,4.136245
-608.258963,481,6.757241
-355.447842,481,7.80824
-1023.243955,481,13.573245
-610.865126,481,14.743286
-769.969895,481,17.299241
-621.27237,481,18.343305
-680.088762,481,23.694309
-464.337138,481,24.716305
-805.055916,481,27.225317
-381.35844,481,28.283314
-419.732154,481,33.719316
-605.256515,481,34.782295
-561.661892,481,37.301343
-967.490407,481,38.359318
-732.512834,481,40.863362
-1081.810369,481,44.645659
-676.0104,481,47.191658
-834.874316,481,48.244684
-843.454658,481,50.777236
-424.713642,481,54.629091
-794.02392,481,57.127237
-729.59102,481,58.168236
-942.318291,481,60.682237
-848.395782,481,64.611237
-611.641063,481,65.670237
-482.175722,481,68.135236
-794.444744,481,69.19829
-337.337365,481,74.503342
-920.869735,481,75.510499
-586.192245,481,78.012548
-737.371556,481,79.057476
-824.463478,481,81.564956
-688.33939,481,85.37095
-787.391858,481,87.946908
-717.040652,481,88.988949
-464.053162,481,91.591411
-766.029275,481,95.575938
-493.781514,481,98.177021
-489.871137,481,99.271022
-524.645975,481,101.880154
-446.128684,481,105.763103
-497.092804,481,108.402242
-1226.418863,481,109.517272
-849.568072,481,112.151272
-818.778669,481,116.095006
-431.619722,481,118.660051
-603.211926,481,119.672009
-985.715296,481,122.279711
-832.511515,481,123.357707
-803.955791,481,128.817037
-738.510524,481,129.85904
-481.573955,481,130.89004
-515.891508,481,133.407082
-603.543525,481,137.217095
-720.680851,481,139.748243
-654.543592,481,140.770242
-677.680732,481,143.314782
-697.332622,481,147.177318
-748.150382,481,149.72933
-945.972863,481,150.771373
-702.048127,481,153.388564
-908.06675,481,157.201721
-696.707709,481,159.800846
-670.778956,481,160.877887
-728.881262,481,163.522534
-956.174604,481,164.645489
-731.667955,481,169.959771
-894.899006,481,171.016774
-904.208454,481,173.550825
-962.128844,481,174.585031
-751.032759,481,179.866031
-677.820373,481,180.916088
-845.87484,481,183.643805
-1157.849714,481,184.701805
-511.028103,481,190.029902
-1153.525803,481,191.106756
-692.1059,481,192.120807
-527.628457,481,194.623759
-1161.506663,481,198.415051
-903.818983,481,200.969106
-1056.919069,481,201.988118
-946.760312,481,204.569118
-791.064758,481,205.594171
-1152.254257,481,210.861717
-725.270786,481,211.924675
-1071.557513,481,214.498674
-1359.353001,481,215.57572
-574.059491,481,220.901728
-1204.904928,481,221.939774
-941.465106,481,224.403765
-1196.116937,481,225.440758
-956.480355,481,230.756486
-1252.452227,481,231.779536
-1007.597813,481,234.273489
-1005.432219,481,235.304488
-1179.285463,481,240.632617
-648.461667,481,241.810667
-1126.215569,481,244.44611
-873.966197,481,245.537108
-1198.392317,481,248.040456
-1182.351845,481,251.982547
-632.455143,481,254.52865
-1293.511516,481,255.579707
-1170.036188,481,256.643708
-1134.972711,481,261.971699
-1225.750837,481,263.013743
-1372.428977,481,265.528748
-1005.223659,481,266.555697
-1010.593182,481,271.955604
-1286.415923,481,273.028803
-1122.242888,481,275.598362
-925.284734,481,276.630392
-1655.885423,481,281.895492
-1644.083181,481,282.934493
-1399.233738,481,285.45045
-1334.940093,481,286.501499
-348.297433,481,289.01151
-903.789605,481,292.896341
-1231.903466,481,295.455384
-1451.71591,481,296.499443
-1389.976486,481,299.077342
-989.664819,481,303.186341
-1502.185073,481,305.852393
-1464.152517,481,306.909397
-1637.1875,481,309.484957
-1223.266124,481,313.532711
-1405.576985,481,316.257711
-1521.136583,481,317.370725
-1288.924425,481,320.183294
-1457.823652,481,324.082414
-1140.960332,481,325.162412
-1127.95157,481,327.690434
-1314.547856,481,328.786415
-1202.446913,481,331.538461
-1382.217838,481,335.640482
-1299.442973,481,338.266563
-919.046431,481,339.372846
-1342.066641,481,342.05589
-1384.703016,481,346.167976
-961.95123,481,348.686986
-1240.404267,481,349.817616
-810.694712,481,352.299282
-1210.609529,481,355.979842
-1394.878657,481,358.489224
-1602.438804,481,359.480228
-1463.728106,481,361.977274
-1192.001959,481,363.013443
-1268.079737,481,368.698297
-1239.479724,481,369.812291
-1021.602763,481,372.508075
-1089.467245,481,373.561098
-1370.863171,481,378.852422
-1315.944461,481,380.015516
-1482.958666,481,382.590348
-1387.692454,481,383.672351
-1485.599961,481,387.538056
-1070.52053,481,390.164816
-1532.576896,481,391.260825
-1368.011147,481,393.907345
-1095.406967,481,397.816397
-1622.81198,481,400.471056
-1327.13046,481,401.521058
-1552.671791,481,404.094058
-1511.851516,481,405.143035
-1247.179271,481,410.433984
-1333.89151,481,411.535497
-1330.722311,481,414.090498
-1377.525708,481,415.154498
-978.857217,481,420.496027
-1091.734965,481,421.614024
-1491.156424,481,424.354123
-1279.150074,481,425.466082
-972.945887,481,430.802274
-1200.658045,481,431.843466
-1385.925233,481,434.40827
-1129.770828,481,435.430368
-1196.372546,481,440.74196
-1248.22025,481,441.807915
-1083.772134,481,444.331033
-1206.253703,481,445.537688
-1203.855341,481,448.179804
-1003.55156,481,452.042018
-1191.605155,481,453.145015
-889.266024,481,455.844067
-809.558473,481,456.912068
-686.239737,481,462.431074
-1052.282523,481,463.495028
-996.11914,481,466.018068
-1112.454408,481,467.050065
-617.940049,481,472.419069
-744.19516,481,473.452024
-739.911106,481,475.954146
-821.594061,481,477.016117
-676.747635,481,482.43916
-1065.891121,481,483.54217
-750.678986,481,486.11993
-461.218788,481,487.174968
-456.846257,481,489.697231
-961.999124,481,493.558294
-909.796847,481,496.127901
-621.799993,481,497.216961
-646.127941,481,499.765894
-907.705382,481,503.741957
-529.978624,481,506.267
-517.587399,481,507.299
-664.68282,481,509.807
-737.652016,481,513.714115
-544.175016,481,516.276323
-588.457099,481,517.294334
-381.137699,481,518.309371
-477.434331,481,523.60844
-688.078645,481,524.622826
-491.997454,481,527.091826
-726.448443,481,528.10982
-491.355533,481,530.562819
-683.010948,481,534.36793
-1112.858267,481,536.862777
-807.958091,481,537.868756
-803.744891,481,540.364641
-689.757444,481,544.319643
-696.750405,481,546.920641
-742.927824,481,548.038563
-463.759522,481,550.561705
-715.60226,481,554.380503
-580.587707,481,556.905555
-1037.807704,481,557.925506
-377.226948,481,560.469774
-827.152013,481,564.305378
-558.766377,481,566.905472
-588.664664,481,567.965513
-856.229717,481,570.52553
-508.630812,481,571.68353
-392.852429,481,577.146471
-346.852893,481,578.180516
-504.812507,481,579.19953
-548.20056,481,581.725178
-584.293229,481,585.501678
-361.399542,481,587.977416
-747.151343,481,589.019469
-384.633414,481,591.61942
-498.545079,481,595.736701
-546.882025,481,598.395474
-558.850633,481,599.406468
-479.644677,481,601.959469
-521.490552,481,605.732598
-821.125174,481,608.198927
-133.63173,481,609.260863
-781.787122,481,612.122791
-474.858854,481,613.215326
-246.991805,481,618.634384
-428.938373,481,619.689384
-679.060005,481,622.189931
-521.537574,481,623.241933
-311.068741,481,628.612212
-216.51679,481,629.634649
-485.11824,481,632.195829
-601.370045,481,633.261882
-592.455393,481,638.675458
-359.285699,481,639.724659
-486.649517,481,642.21866
-594.76896,481,643.23966
-663.728384,481,646.994469
-481.309899,481,649.499461
-619.658057,481,650.531038
-679.439832,481,653.085265
-593.3148,481,654.135272
-938.333361,481,659.421468
-377.40787,481,660.434425
-477.838093,481,663.115428
-405.607336,481,664.261424
-685.801462,481,669.575318
-497.43844,481,670.575187
-754.418998,481,673.090271
-300.107436,481,674.124273
-428.378227,481,679.503535
-680.355564,481,680.506576
-474.229663,481,683.011533
-261.40511,481,684.040259
-344.510661,481,686.525823
-466.30201,481,690.273073
-657.448996,481,692.841225
-367.336606,481,693.905224
-605.717073,481,696.474227
-471.11808,481,700.270233
-357.445995,481,702.859232
-656.179882,481,703.908191
-548.890781,481,706.484289
-377.503586,481,710.314054
-662.261692,481,711.349612
-868.468248,481,713.886611
-519.850022,481,714.94322
-651.307971,481,720.258866
-735.741306,481,721.370233
-643.031595,481,723.966181
-547.006781,481,725.085225
-355.356196,481,727.601282
-620.870541,481,731.437414
-210.416925,481,734.016414
-559.730708,481,735.070455
-434.897669,481,737.565405
-991.523667,481,741.357455
-636.965687,481,743.85647
-921.771379,481,744.972454
-351.989887,481,747.504964
-715.010929,481,751.396009
-570.268023,481,753.987082
-553.325349,481,755.082175
-502.983182,481,757.679789
-568.179249,481,761.535376
-578.89532,481,764.018441
-1127.230044,481,765.042521
-844.845863,481,767.549613
-502.243137,481,768.592286
-530.32263,481,772.388505
-1010.626974,481,774.948554
-643.082964,481,776.033623
-1033.705312,481,778.554703
-798.692607,481,782.409264
-1334.626122,481,784.991131
-509.568518,481,786.059922
-928.797434,481,788.626918
-813.601089,481,792.446889
-1205.258865,481,795.031896
-1374.655152,481,796.06489
-1062.50656,481,798.657843
-782.767368,481,802.474891
-570.276953,481,804.982962
-1097.07799,481,805.999969
-826.235592,481,808.555054
-920.016502,481,809.627054
-1146.016096,481,815.065812
-1387.241816,481,816.150807
-582.550401,481,818.70344
-842.016637,481,819.78341
-1044.030245,481,825.141466
-1050.727646,481,826.194774
-773.555501,481,828.799728
-969.481025,481,829.841772
-1619.653009,481,835.168439
-982.945754,481,836.231439
-935.803424,481,837.311481
-717.661401,481,839.994783
-1196.558355,481,843.803901
-898.499574,481,846.391901
-630.093349,481,847.382854
-893.972899,481,849.968908
-677.678357,481,851.019909
-980.249751,481,856.637017
-928.118307,481,857.691427
-903.396062,481,860.246575
-845.836008,481,861.325579
-1172.74619,481,866.711611
-806.70535,481,867.81456
-1115.407126,481,870.43978
-658.363247,481,871.592796
-1040.424519,481,877.138708
-668.334711,481,878.250662
-950.856699,481,881.062705
-945.000624,481,882.14572
-1060.250478,481,887.549677
-807.319842,481,888.590721
-842.521004,481,891.07072
-895.167042,481,892.120732
-1030.044785,481,894.656732
-475.543949,481,898.411366
-1233.270757,481,901.047379
-897.508905,481,902.096376
-774.526583,481,903.155471
-600.262481,481,908.533907
-1151.915034,481,909.546509
-773.550519,481,912.067563
-913.477441,481,913.128571
-1022.423273,481,918.461623
-1137.231431,481,919.468574
-654.550296,481,922.00188
-1140.75221,481,923.027879
-946.034813,481,928.354632
-649.47361,481,929.373627
-1061.531841,481,931.957627
-1041.54374,481,933.043637
-690.771472,481,935.617634
-1196.60903,481,939.44266
-783.997508,481,941.954654
-1128.249981,481,943.054718
-1028.484948,481,945.566728
-558.226089,481,949.424335
-1037.256676,481,951.936056
-1171.786321,481,953.015058
-1165.958582,481,955.501059
-1080.028491,481,959.299067
-1094.672187,481,961.895066
-1306.75309,481,963.003041
-1006.020445,481,964.052624
-1134.360943,481,969.381237
-1095.843644,481,970.446237
-1179.791575,481,972.992241
-1064.227539,481,974.041393
-1133.17283,481,976.563418
-1254.614986,481,980.442281
-1198.224159,481,982.933383
-1015.615391,481,984.052499
-1174.200833,481,986.584566
-1317.461695,481,990.417596
-1142.242819,481,992.982592
-1322.323336,481,994.115606
-639.645964,481,996.726614
-1029.153724,481,1000.563292
-1131.441697,481,1003.089668
-1204.322785,481,1004.134682
-1264.813078,481,1006.746264
-1324.359163,481,1007.801218
-1029.972912,481,1013.364268
-1226.3726,481,1014.552218
-1271.269413,481,1017.296149
-1164.42159,481,1018.391307
-1221.59667,481,1023.711282
-1353.750933,481,1024.88429
-703.477815,481,1027.49214
-990.156059,481,1028.648149
-507.536148,481,1032.815949
-1419.756257,481,1035.440412
-759.850508,481,1036.479361
-699.072934,481,1039.187021
-774.804225,481,1043.227715
-907.374036,481,1045.927183
-627.58552,481,1047.011229
-1190.534499,481,1049.709182
-598.573468,481,1050.872832
-1022.878524,481,1056.309168
-804.712697,481,1057.397213
-1096.152381,481,1059.999172
-449.701522,481,1061.068169
-391.378131,481,1066.448133
-1013.610199,481,1067.523288
-556.89484,481,1070.21134
-395.96049,481,1071.31034
-498.56224,481,1076.67775
-352.491073,481,1077.73666
-423.500586,481,1080.306837
-457.329507,481,1081.382793
-296.020104,481,1086.80185
-567.045174,481,1087.941912
-366.847395,481,1090.490915
-742.511041,481,1091.591296
-361.930779,481,1094.173347
-506.766276,481,1098.013457
-609.747855,481,1099.043136
-856.282267,481,1101.619138
-500.697567,481,1102.650819
-552.537173,481,1107.947973
-457.695382,481,1108.985971
-538.869684,481,1111.668046
-419.20904,481,1112.745158
-461.5516,481,1118.130417
-166.572663,481,1119.167419
-330.394261,481,1121.739357
-438.632721,481,1122.832358
-599.208543,481,1128.183772
-272.514871,481,1129.332756
-409.246291,481,1131.985031
-428.795559,481,1133.106025
-360.754943,481,1135.708793
-459.146261,481,1139.563796
-316.253411,481,1142.181838
-390.504899,481,1143.338845
-321.271146,481,1146.021845
-308.011056,481,1149.845169
-367.56749,481,1152.399014
-316.251038,481,1153.452018
-348.088836,481,1156.069144
-332.937036,481,1159.861296
-322.9767,481,1160.88734
-390.226904,481,1163.44434
-302.529315,481,1164.480748
-460.716064,481,1169.971633
-607.289321,481,1171.047642
-200.580652,481,1173.679648
-494.017319,481,1174.759248
-95.428453,481,1177.495885
-301.306537,481,1181.412566
-298.966119,481,1184.012607
-450.394183,481,1185.117611
-341.74859,481,1187.729757
-599.779804,481,1191.84977
-694.322445,481,1194.427779
-513.66477,481,1195.481784
-318.14015,481,1198.085809
-160.920034,481,1202.043852
-392.921975,481,1204.671806
-319.763322,481,1205.764809
-414.695341,481,1208.336885
-376.824577,481,1212.182841
-267.077641,481,1214.749889
-199.589198,481,1215.800983
-230.775049,481,1218.369734
-114.106594,481,1219.447695
-537.45297,481,1224.801643
-173.138738,481,1225.852806
-500.725093,481,1226.945777
-292.127922,481,1229.529043
-137.967643,481,1233.428535
-374.263449,481,1236.020233
-470.894727,481,1237.055274
-667.192944,481,1239.610798
-674.536617,481,1243.431525
-159.351851,481,1246.036471
-303.31237,481,1247.086471
-334.149575,481,1249.619054
-703.058334,481,1253.423092
-389.617922,481,1255.962722
-196.333946,481,1257.027736
-210.539566,481,1259.628735
-355.673481,481,1260.789762
-599.642636,481,1266.313424
-462.294578,481,1267.388471
-466.011012,481,1270.043779
-261.321913,481,1271.096818
-284.858145,481,1276.421601
-236.663982,481,1277.467989
-513.40042,481,1280.060946
-284.630536,481,1281.116
-189.672284,481,1286.524511
-340.031943,481,1287.643412
-184.273576,481,1290.240478
-302.216924,481,1291.311474
-317.061022,481,1295.20225
-142.191482,481,1297.790205
-468.055833,481,1298.838317
-331.058221,481,1301.424939
-219.090243,481,1302.477491
-374.716681,481,1307.820348
-318.832064,481,1308.886306
-208.218812,481,1311.467348
-298.38477,481,1312.548966
-141.949311,481,1318.031261
-242.177516,481,1319.07822
-145.128008,481,1321.763634
-236.426074,481,1322.853229
-368.214531,481,1328.421704
-260.33459,481,1329.497746
-237.557801,481,1332.099705
-272.913502,481,1333.260275
-221.772955,481,1338.596011
-252.66985,481,1339.6494
-270.291927,481,1342.239394
-287.860663,481,1343.332401
-141.324587,481,1345.945373
-315.1754,481,1349.801431
-336.893998,481,1352.475431
-181.358863,481,1353.652432
-249.809475,481,1354.742385
-234.691923,481,1360.107249
-153.726126,481,1361.1643
-168.314363,481,1363.795379
-108.268068,481,1364.855386
-84.556925,481,1370.221208
-181.145271,481,1371.276256
-300.57601,481,1373.931423
-88.636587,481,1375.032466
-207.730935,481,1377.657041
-247.546114,481,1381.533324
-206.116912,481,1384.213155
-287.664617,481,1385.342109
-158.264402,481,1387.927165
-147.221685,481,1391.793206
-202.79798,481,1394.481165
-235.8979,481,1395.592264
-131.621955,481,1398.196269
-191.242573,481,1402.060617
-170.909696,481,1404.622734
-217.305998,481,1405.71273
-105.737207,481,1408.275131
-126.734772,481,1412.161133
-421.004976,481,1414.897249
-147.821005,481,1415.961421
-182.78436,481,1418.526059
-383.174331,481,1419.581105
-168.515541,481,1423.428535
-229.613454,481,1426.060296
-98.903698,481,1427.148336
-334.989391,481,1429.762948
-140.826331,481,1433.582001
-133.504919,481,1436.116991
-381.177065,481,1437.197057
-209.165009,481,1439.868189
-94.887141,481,1443.798192
-350.399803,481,1446.48292
-241.239045,481,1447.557966
-382.725194,481,1450.16692
-162.351271,481,1454.007967
-195.432245,481,1456.708918
-108.009536,481,1457.765963
-132.278081,481,1460.362023
-64.314355,481,1461.410622
-89.950136,481,1466.907563
-289.537981,481,1467.967825
-118.554893,481,1470.536922
-254.770136,481,1471.648881
-83.367692,481,1477.045976
-252.275599,481,1478.139052
-104.92824,481,1480.699996
-62.374006,481,1481.798039
-126.944272,481,1487.405231
-164.18662,481,1488.49641
-259.432426,481,1489.575404
-118.647735,481,1492.273179
-136.541958,481,1496.37672
-125.971313,481,1499.054737
-65.063053,481,1500.188827
-180.017759,481,1503.193872
-247.602058,481,1504.24887
-175.17499,481,1509.860853
-50.681642,481,1510.981895
-75.647314,481,1513.582848
-282.293206,481,1514.692892
-174.317991,481,1520.227607
-186.622645,481,1521.33561
-176.552692,481,1524.108509
-142.487512,481,1525.319419
-241.469223,481,1530.527293
-193.379243,481,1531.570306
-140.939749,481,1534.122579
-161.034075,481,1535.196579
