#{"t_start": 1645707876.6888897, "env_id": null}
r,l,t
-659.109488,1002,2.159063
-1367.02999,802,14.528134
-1194.363039,286,25.427128
-1210.703344,304,29.498908
-1535.477079,664,34.78635
-826.424114,1002,45.5331
-1287.229204,317,58.968786
-1534.982647,683,64.713969
-313.788426,1002,75.97809
-1729.532718,762,89.994218
-1520.553507,809,102.001577
-514.486234,1002,114.983523
-693.886067,1002,130.617784
-1428.25439,479,145.239022
-1283.879095,525,152.177916
-1277.859261,514,160.571496
-1457.598051,572,167.994144
-1299.429961,567,177.026238
-1384.064191,556,185.096679
-1524.338665,595,193.966126
-1569.853355,812,204.009624
-1210.069284,597,215.442682
-1335.24795,597,224.812803
-808.250191,1002,235.57263
-668.746059,1002,251.355292
-1508.560473,859,266.667602
-1416.056994,983,280.731771
-713.723704,1002,296.443252
-262.680478,1002,312.499142
-1778.544554,825,328.13907
-1714.211546,856,340.210795
-317.254727,1002,354.117773
-388.008136,1002,370.160912
-620.237664,1002,386.415943
-1474.248785,618,402.053597
-250.426347,1002,415.010781
-1721.939665,943,432.065529
-1119.646733,324,445.33981
-1231.709417,619,451.409702
-1576.36813,856,461.684897
-810.586752,1002,475.671992
-403.085797,1002,491.614752
-541.901984,1002,507.197559
-837.875784,1002,523.140057
-454.467175,1002,539.490781
-1671.060878,718,554.882792
-1983.976515,849,565.301784
-825.272936,1002,580.238885
-749.64358,1002,597.104455
-209.65165,1002,613.423288
-882.894571,1002,629.875677
-442.948931,1002,646.302214
-470.865562,1002,662.84797
-1310.482808,961,679.401075
-493.201492,1002,695.485782
-332.51446,1002,712.078118
-1444.297436,999,728.71248
-2285.358241,1001,745.449504
-1944.10413,946,762.268605
-1596.746755,857,778.039325
-627.847208,1002,792.973514
-1127.742565,426,808.732797
-1134.138232,364,815.683137
-1205.896895,306,821.341541
-1352.445003,460,827.01583
-1984.221646,803,835.70363
-1156.455527,339,848.265344
-1157.437834,367,853.571869
-1114.430856,341,859.92082
-617.244924,1002,867.398114
-1567.175498,793,883.014028
-1796.451862,842,896.759521
-1778.627942,971,911.627072
-940.800725,1002,928.559751
-1414.666108,749,945.519631
-730.768737,1002,959.239221
-310.831404,1002,976.88879
-453.084407,1002,994.936338
-1143.485072,1002,1012.812409
-1576.585532,855,1030.710194
-1506.527211,921,1046.29757
-433.471505,1002,1063.291327
-601.211394,1002,1081.552536
-404.271267,1002,1100.052776
-593.338384,1002,1118.71391
-778.241241,1002,1137.368105
-1473.077644,675,1154.386644
-567.629004,1002,1167.811398
-1515.428567,703,1186.230167
-540.666214,1002,1200.306475
-1085.145256,1002,1219.325354
-182.595025,1002,1238.517021
-1727.572427,932,1257.590253
-1997.65528,846,1275.329274
-1472.389539,574,1291.185223
-500.458281,1002,1303.205688
-584.384739,1002,1322.400778
-793.09502,1002,1341.775385
-423.156497,1002,1361.088727
-678.2503,1002,1380.446826
-1790.77197,885,1398.24618
-1523.630803,859,1415.344008
-1709.329169,864,1432.070785
-1624.626483,856,1448.760407
-1870.425448,867,1465.449296
-655.976746,1002,1482.853616
-1801.504466,848,1501.977566
-1453.731015,488,1516.859739
-735.589062,1002,1527.598019
-1341.28263,786,1546.556825
-1338.936059,560,1561.474187
-1253.931917,445,1571.379342
-2009.262878,848,1581.047141
-918.903724,1002,1598.054856
-1586.876032,823,1617.213121
-1403.8712,708,1631.992769
-1344.953596,754,1646.751279
-1544.555083,805,1662.301167
-1426.624652,736,1678.606403
-1452.816189,924,1694.264867
-374.789227,1002,1713.058755
